mae,mse
25.48354666,976.8076761
25.70713509,963.1263753
33.67255667,1517.334834
25.27338741,967.4598717
25.62937335,988.3619943
25.25041385,967.536294
25.64480323,987.9194596