mae,mse
0.138556603,0.029050699
0.13953325,0.029051801
0.212357088,0.061874016
0.137585673,0.029118794
0.138290349,0.029351016
0.137574754,0.029074502
0.138236012,0.029293121