mae,mse
0.137392031,0.028578242
0.138447501,0.028601078
0.210335501,0.060622104
0.136611355,0.028709709
0.137315025,0.028939567
0.136578196,0.028664547
0.137252478,0.028880667